<?xml version="1.0" encoding="UTF-8"?>
<beans xmlns="http://www.springframework.org/schema/beans"
	xmlns:xsi="http://www.w3.org/2001/XMLSchema-instance"
	xmlns:context="http://www.springframework.org/schema/context"
	xsi:schemaLocation="
        http://www.springframework.org/schema/beans http://www.springframework.org/schema/beans/spring-beans.xsd
        http://www.springframework.org/schema/context http://www.springframework.org/schema/context/spring-context.xsd"> <!-- bean definitions here -->
 	 <context:annotation-config></context:annotation-config>
    <context:component-scan base-package="com.mph.*"></context:component-scan>
   <context:property-placeholder location ="classpath:databasecon.properties"/>

    <!-- bean definitions here -->
    <bean id="jdbc" class="com.mph.props.myDBconEg">
    <!-- <property name="url" value="${url}"></property>-->
      <property name="url" value="jdbc:oracle:thin:@localhost:1521:xe"></property>
         <property name="username" value="sys as sysdba"></property>
        <property name="password" value="abc123"></property>
    </bean>

</beans>